-- ============================================================
-- MIGRATION 00005: SEED DATA
-- Test personas and initiatives from the architecture document
-- Only runs in development — do NOT apply to production
-- ============================================================

-- ============================================================
-- AUTH USERS (test personas)
-- These match the design document personas exactly
-- ============================================================
insert into auth.users (
  id, email, email_confirmed_at, created_at, updated_at,
  raw_user_meta_data, is_anonymous
) values
  (
    '00000000-0000-0000-0000-000000000001',
    'maria@example.com',
    now(), now(), now(),
    '{"name": "Maria van den Berg", "role": "PatientAdvocate", "country": "NL"}'::jsonb,
    false
  ),
  (
    '00000000-0000-0000-0000-000000000002',
    'kwame@example.com',
    now(), now(), now(),
    '{"name": "Dr. Kwame Asante", "role": "Clinician", "country": "GH"}'::jsonb,
    false
  ),
  (
    '00000000-0000-0000-0000-000000000003',
    'sophie@example.com',
    now(), now(), now(),
    '{"name": "Sophie van der Berg", "role": "HubCoordinator", "country": "NL"}'::jsonb,
    false
  ),
  (
    '00000000-0000-0000-0000-000000000004',
    'hiroshi@example.com',
    now(), now(), now(),
    '{"name": "Hiroshi Tanaka", "role": "IndustryPartner", "country": "JP"}'::jsonb,
    false
  ),
  (
    '00000000-0000-0000-0000-000000000005',
    'amara@example.com',
    now(), now(), now(),
    '{"name": "Amara Okonkwo", "role": "HubCoordinator", "country": "NG"}'::jsonb,
    false
  ),
  (
    '00000000-0000-0000-0000-000000000006',
    'peter@example.com',
    now(), now(), now(),
    '{"name": "Peter De Vries", "role": "BoardMember", "country": "BE"}'::jsonb,
    false
  )
on conflict (id) do nothing;

-- ============================================================
-- PROFILES (match auth.users above)
-- The handle_new_user trigger would normally create these,
-- but we insert manually here since we bypassed the trigger
-- ============================================================
insert into public.profiles (
  id, name, email, role, country, city, timezone,
  expertise_tags, onboarding_completed, bio
) values
  (
    '00000000-0000-0000-0000-000000000001',
    'Maria van den Berg',
    'maria@example.com',
    'PatientAdvocate',
    'NL', 'Rotterdam', 'Europe/Amsterdam',
    '{"policy advocacy","breast cancer","parliamentary engagement"}',
    true,
    'Patient advocate with 8 years of experience in parliamentary lobbying for cancer diagnostics access in the Netherlands.'
  ),
  (
    '00000000-0000-0000-0000-000000000002',
    'Dr. Kwame Asante',
    'kwame@example.com',
    'Clinician',
    'GH', 'Accra', 'Africa/Accra',
    '{"oncology","early detection","clinical research"}',
    true,
    'Oncologist at Korle Bu Teaching Hospital, specializing in early detection and community cancer screening programs.'
  ),
  (
    '00000000-0000-0000-0000-000000000003',
    'Sophie van der Berg',
    'sophie@example.com',
    'HubCoordinator',
    'NL', 'Amsterdam', 'Europe/Amsterdam',
    '{"project coordination","stakeholder management","digital platforms"}',
    true,
    'Hub Coordinator for Inspire2Live Netherlands, managing cross-initiative collaboration and platform operations.'
  ),
  (
    '00000000-0000-0000-0000-000000000004',
    'Hiroshi Tanaka',
    'hiroshi@example.com',
    'IndustryPartner',
    'JP', 'Tokyo', 'Asia/Tokyo',
    '{"market access","regulatory affairs","oncology","diagnostics"}',
    true,
    'Head of Global Oncology Affairs at a leading diagnostics company. Committed to independence in all Inspire2Live contributions.'
  ),
  (
    '00000000-0000-0000-0000-000000000005',
    'Amara Okonkwo',
    'amara@example.com',
    'HubCoordinator',
    'NG', 'Lagos', 'Africa/Lagos',
    '{"public health","early detection","community health","breast cancer"}',
    true,
    'Public health specialist leading the Lagos Hub. Architect of the Breast Without Spot community screening model.'
  ),
  (
    '00000000-0000-0000-0000-000000000006',
    'Peter De Vries',
    'peter@example.com',
    'BoardMember',
    'BE', 'Brussels', 'Europe/Brussels',
    '{"healthcare governance","funding","strategy","EU health policy"}',
    true,
    'Board member and former EU health policy advisor. Oversees strategic direction and funding partnerships.'
  )
on conflict (id) do nothing;

-- ============================================================
-- INITIATIVES (the three core initiatives from the design doc)
-- ============================================================
insert into public.initiatives (
  id, title, slug, description, status, phase, pillar,
  lead_id, cancer_types, countries, objectives
) values
  (
    '10000000-0000-0000-0000-000000000001',
    'Multi-Cancer Early Detection — OncoSeek® & SeekIn',
    'multi-cancer-early-detection',
    'A global initiative to develop and deploy accessible multi-cancer early detection technologies, with OncoSeek® and SeekIn as primary diagnostic platforms. Focused on reaching populations in Africa and Asia where access to standard diagnostics is limited.',
    'active', 'execution', 'inspire2go',
    '00000000-0000-0000-0000-000000000003',
    '{"multiple","breast","lung","colorectal","prostate"}',
    '{"NL","GH","NG","KE","JP","IN"}',
    '[
      {"title": "Validate OncoSeek accuracy in African populations", "status": "in_progress"},
      {"title": "Establish 5 clinical trial sites across Africa", "status": "in_progress"},
      {"title": "Publish evidence in peer-reviewed journal", "status": "upcoming"},
      {"title": "Achieve regulatory approval in 3 markets", "status": "upcoming"}
    ]'::jsonb
  ),
  (
    '10000000-0000-0000-0000-000000000002',
    'Molecular Diagnostics — Dutch Parliament Campaign',
    'molecular-diagnostics-nl',
    'Campaign to ensure molecular diagnostic testing is standard of care in the Netherlands, with structured parliamentary advocacy and evidence-based policy briefs. Targeting full reimbursement coverage by 2026.',
    'active', 'execution', 'inspire2live',
    '00000000-0000-0000-0000-000000000001',
    '{"multiple","breast","lung","colorectal"}',
    '{"NL"}',
    '[
      {"title": "Submit policy brief to Health Committee", "status": "completed"},
      {"title": "Secure 3 parliamentary sponsors", "status": "in_progress"},
      {"title": "Organize patient testimony session", "status": "upcoming"},
      {"title": "Achieve ministerial meeting", "status": "upcoming"}
    ]'::jsonb
  ),
  (
    '10000000-0000-0000-0000-000000000003',
    'Breast Without Spot — Nigeria',
    'breast-without-spot-nigeria',
    'Community-based breast cancer early detection program in Lagos State, with a model designed for replication across Nigerian states and other African countries. Training community health workers as first-line screeners.',
    'active', 'execution', 'world_campus',
    '00000000-0000-0000-0000-000000000005',
    '{"breast"}',
    '{"NG"}',
    '[
      {"title": "Train 50 community health workers", "status": "in_progress"},
      {"title": "Screen 1,000 women in Phase 1", "status": "in_progress"},
      {"title": "Document replication model", "status": "upcoming"},
      {"title": "Present model at World Campus session", "status": "upcoming"}
    ]'::jsonb
  )
on conflict (id) do nothing;

-- ============================================================
-- INITIATIVE MEMBERS
-- ============================================================
insert into public.initiative_members (initiative_id, user_id, role) values
  -- Initiative 1: Multi-Cancer Early Detection
  ('10000000-0000-0000-0000-000000000001', '00000000-0000-0000-0000-000000000003', 'lead'),
  ('10000000-0000-0000-0000-000000000001', '00000000-0000-0000-0000-000000000002', 'contributor'),
  ('10000000-0000-0000-0000-000000000001', '00000000-0000-0000-0000-000000000005', 'contributor'),
  ('10000000-0000-0000-0000-000000000001', '00000000-0000-0000-0000-000000000004', 'partner'),
  -- Initiative 2: Molecular Diagnostics
  ('10000000-0000-0000-0000-000000000002', '00000000-0000-0000-0000-000000000001', 'lead'),
  ('10000000-0000-0000-0000-000000000002', '00000000-0000-0000-0000-000000000003', 'contributor'),
  ('10000000-0000-0000-0000-000000000002', '00000000-0000-0000-0000-000000000006', 'reviewer'),
  -- Initiative 3: Breast Without Spot
  ('10000000-0000-0000-0000-000000000003', '00000000-0000-0000-0000-000000000005', 'lead'),
  ('10000000-0000-0000-0000-000000000003', '00000000-0000-0000-0000-000000000002', 'contributor'),
  ('10000000-0000-0000-0000-000000000003', '00000000-0000-0000-0000-000000000003', 'reviewer')
on conflict (initiative_id, user_id) do nothing;

-- ============================================================
-- MILESTONES
-- ============================================================
insert into public.milestones (
  id, initiative_id, title, description, target_date, status,
  evidence_required, sort_order
) values
  -- Initiative 1 milestones
  (
    '20000000-0000-0000-0000-000000000001',
    '10000000-0000-0000-0000-000000000001',
    'Complete baseline accuracy study',
    'Validate OncoSeek diagnostic accuracy across 500 participants in Ghana and Nigeria',
    current_date + interval '45 days',
    'in_progress', true, 1
  ),
  (
    '20000000-0000-0000-0000-000000000002',
    '10000000-0000-0000-0000-000000000001',
    'Ethics approval from 3 African institutions',
    'Obtain IRB/ethics committee approval for multi-site clinical trial',
    current_date + interval '90 days',
    'upcoming', true, 2
  ),
  (
    '20000000-0000-0000-0000-000000000003',
    '10000000-0000-0000-0000-000000000001',
    'Submit paper to Nature Medicine',
    'First peer-reviewed publication of MCED results from African cohort',
    current_date + interval '180 days',
    'upcoming', false, 3
  ),
  -- Initiative 2 milestones
  (
    '20000000-0000-0000-0000-000000000004',
    '10000000-0000-0000-0000-000000000002',
    'Policy brief published and distributed',
    'Formal policy brief on molecular diagnostics access submitted to Health Committee',
    current_date - interval '14 days',
    'completed', true, 1
  ),
  (
    '20000000-0000-0000-0000-000000000005',
    '10000000-0000-0000-0000-000000000002',
    'Parliamentary motion tabled',
    'At least one MP tables a motion in support of universal molecular diagnostics coverage',
    current_date + interval '30 days',
    'in_progress', false, 2
  ),
  (
    '20000000-0000-0000-0000-000000000006',
    '10000000-0000-0000-0000-000000000002',
    'Minister meeting secured',
    'Face-to-face meeting with Health Minister or senior advisor',
    current_date + interval '60 days',
    'upcoming', false, 3
  ),
  -- Initiative 3 milestones
  (
    '20000000-0000-0000-0000-000000000007',
    '10000000-0000-0000-0000-000000000003',
    '50 community health workers trained',
    'Complete training of first cohort of Lagos community health workers',
    current_date + interval '21 days',
    'in_progress', true, 1
  ),
  (
    '20000000-0000-0000-0000-000000000008',
    '10000000-0000-0000-0000-000000000003',
    '500 women screened in Phase 1',
    'First phase community screening complete with documented outcomes',
    current_date + interval '75 days',
    'upcoming', true, 2
  )
on conflict (id) do nothing;

-- ============================================================
-- TASKS (sample tasks for each initiative)
-- ============================================================
insert into public.tasks (
  initiative_id, milestone_id, title, description,
  assignee_id, reporter_id, status, priority, due_date
) values
  -- Initiative 1 tasks
  (
    '10000000-0000-0000-0000-000000000001',
    '20000000-0000-0000-0000-000000000001',
    'Recruit 500 participants for accuracy study',
    'Coordinate with Korle Bu and Lagos University Hospital for patient recruitment',
    '00000000-0000-0000-0000-000000000002',
    '00000000-0000-0000-0000-000000000003',
    'in_progress', 'high',
    current_date + interval '14 days'
  ),
  (
    '10000000-0000-0000-0000-000000000001',
    '20000000-0000-0000-0000-000000000001',
    'Procure OncoSeek test kits for trial',
    'Arrange procurement and logistics for 600 test kits (500 + 20% buffer)',
    '00000000-0000-0000-0000-000000000003',
    '00000000-0000-0000-0000-000000000003',
    'todo', 'urgent',
    current_date + interval '7 days'
  ),
  (
    '10000000-0000-0000-0000-000000000001',
    null,
    'Set up data collection protocol',
    'Design REDCap data collection forms for multi-site consistency',
    '00000000-0000-0000-0000-000000000002',
    '00000000-0000-0000-0000-000000000003',
    'blocked', 'high',
    current_date + interval '10 days'
  ),
  -- Initiative 2 tasks
  (
    '10000000-0000-0000-0000-000000000002',
    '20000000-0000-0000-0000-000000000005',
    'Draft parliamentary motion text',
    'Work with legal advisor to draft motion language on molecular diagnostics reimbursement',
    '00000000-0000-0000-0000-000000000001',
    '00000000-0000-0000-0000-000000000001',
    'in_progress', 'high',
    current_date + interval '10 days'
  ),
  (
    '10000000-0000-0000-0000-000000000002',
    '20000000-0000-0000-0000-000000000005',
    'Identify 3 MP sponsors from different parties',
    'Research and approach MPs from VVD, D66, and SP who have expressed interest in cancer policy',
    '00000000-0000-0000-0000-000000000001',
    '00000000-0000-0000-0000-000000000003',
    'todo', 'medium',
    current_date + interval '20 days'
  ),
  -- Initiative 3 tasks
  (
    '10000000-0000-0000-0000-000000000003',
    '20000000-0000-0000-0000-000000000007',
    'Book training venue in Lagos Island',
    'Secure venue for 3-day CHW training workshop, capacity 60 people',
    '00000000-0000-0000-0000-000000000005',
    '00000000-0000-0000-0000-000000000005',
    'done', 'medium',
    current_date - interval '5 days'
  ),
  (
    '10000000-0000-0000-0000-000000000003',
    '20000000-0000-0000-0000-000000000007',
    'Prepare training curriculum and materials',
    'Adapt international breast health education materials to Lagos community context',
    '00000000-0000-0000-0000-000000000005',
    '00000000-0000-0000-0000-000000000005',
    'in_progress', 'high',
    current_date + interval '5 days'
  )
on conflict do nothing;

-- ============================================================
-- HUBS
-- ============================================================
insert into public.hubs (
  id, name, country, region, coordinator_id, status,
  description, latitude, longitude, timezone, established_date
) values
  (
    '30000000-0000-0000-0000-000000000001',
    'Netherlands Hub',
    'NL', 'Western Europe',
    '00000000-0000-0000-0000-000000000003',
    'active',
    'The founding hub, coordinating all Dutch initiatives and serving as the platform''s operational center.',
    52.3676, 4.9041, 'Europe/Amsterdam',
    '2019-01-01'
  ),
  (
    '30000000-0000-0000-0000-000000000002',
    'Ghana Hub',
    'GH', 'West Africa',
    '00000000-0000-0000-0000-000000000002',
    'active',
    'Hub focused on early detection access in Ghana, with strong links to Korle Bu Teaching Hospital.',
    5.6037, -0.1870, 'Africa/Accra',
    '2021-06-01'
  ),
  (
    '30000000-0000-0000-0000-000000000003',
    'Nigeria Hub — Lagos',
    'NG', 'West Africa',
    '00000000-0000-0000-0000-000000000005',
    'active',
    'Hub driving community-based cancer education and early detection in Lagos State. Home of the Breast Without Spot program.',
    6.5244, 3.3792, 'Africa/Lagos',
    '2022-03-01'
  ),
  (
    '30000000-0000-0000-0000-000000000004',
    'Japan Hub',
    'JP', 'East Asia',
    '00000000-0000-0000-0000-000000000004',
    'forming',
    'Emerging hub connecting Japanese oncology research with the global Inspire2Live network.',
    35.6762, 139.6503, 'Asia/Tokyo',
    null
  )
on conflict (id) do nothing;

-- ============================================================
-- HUB MEMBERS
-- ============================================================
insert into public.hub_members (hub_id, user_id) values
  ('30000000-0000-0000-0000-000000000001', '00000000-0000-0000-0000-000000000003'),
  ('30000000-0000-0000-0000-000000000001', '00000000-0000-0000-0000-000000000001'),
  ('30000000-0000-0000-0000-000000000002', '00000000-0000-0000-0000-000000000002'),
  ('30000000-0000-0000-0000-000000000003', '00000000-0000-0000-0000-000000000005'),
  ('30000000-0000-0000-0000-000000000004', '00000000-0000-0000-0000-000000000004')
on conflict (hub_id, user_id) do nothing;

-- ============================================================
-- CONGRESS EVENT (sample — upcoming annual congress)
-- ============================================================
insert into public.congress_events (
  id, year, theme, start_date, end_date, location, status
) values
  (
    '40000000-0000-0000-0000-000000000001',
    2026,
    'Closing the Gap: Early Detection for All',
    '2026-10-15',
    '2026-10-17',
    'Amsterdam, Netherlands',
    'upcoming'
  )
on conflict (year) do nothing;

-- ============================================================
-- ACTIVITY LOG (bootstrap entries)
-- ============================================================
insert into public.activity_log (
  actor_id, initiative_id, action, entity_type, entity_id, metadata
) values
  (
    '00000000-0000-0000-0000-000000000003',
    '10000000-0000-0000-0000-000000000001',
    'initiative_created',
    'initiative',
    '10000000-0000-0000-0000-000000000001',
    '{"title": "Multi-Cancer Early Detection — OncoSeek® & SeekIn"}'::jsonb
  ),
  (
    '00000000-0000-0000-0000-000000000001',
    '10000000-0000-0000-0000-000000000002',
    'initiative_created',
    'initiative',
    '10000000-0000-0000-0000-000000000002',
    '{"title": "Molecular Diagnostics — Dutch Parliament Campaign"}'::jsonb
  ),
  (
    '00000000-0000-0000-0000-000000000005',
    '10000000-0000-0000-0000-000000000003',
    'initiative_created',
    'initiative',
    '10000000-0000-0000-0000-000000000003',
    '{"title": "Breast Without Spot — Nigeria"}'::jsonb
  )
on conflict do nothing;
